<?xml version="1.0" encoding="UTF-8"?>
<project-private xmlns="http://www.netbeans.org/ns/project-private/1">
    <editor-bookmarks xmlns="http://www.netbeans.org/ns/editor-bookmarks/2" lastBookmarkId="0"/>
    <open-files xmlns="http://www.netbeans.org/ns/projectui-open-files/2">
        <group>
            <file>file:/C:/OneDrive/OneDrive%20-%20Microchip%20Technology%20Inc/EVM_Board/APP_MASTERS25x/PIC32CK2051/CK2051GC01064_USB/src/app.c</file>
            <file>file:/C:/OneDrive/OneDrive%20-%20Microchip%20Technology%20Inc/EVM_Board/APP_MASTERS25x/PIC32CK2051/CK2051GC01064_USB/src/main.c</file>
            <file>file:/C:/OneDrive/OneDrive%20-%20Microchip%20Technology%20Inc/EVM_Board/APP_MASTERS25x/PIC32CK2051/CK2051GC01064_USB/src/OLED128x64.c</file>
            <file>file:/C:/OneDrive/OneDrive%20-%20Microchip%20Technology%20Inc/EVM_Board/APP_MASTERS25x/PIC32CK2051/CK2051GC01064_USB/src/config/default/peripheral/adc/plib_adc.c</file>
            <file>file:/C:/OneDrive/OneDrive%20-%20Microchip%20Technology%20Inc/EVM_Board/APP_MASTERS25x/PIC32CK2051/CK2051GC01064_USB/src/config/default/peripheral/adc/plib_adc_common.h</file>
            <file>file:/C:/OneDrive/OneDrive%20-%20Microchip%20Technology%20Inc/EVM_Board/APP_MASTERS25x/PIC32CK2051/CK2051GC01064_USB/src/config/default/system/console/src/sys_console_usb_cdc.c</file>
            <file>file:/C:/OneDrive/OneDrive%20-%20Microchip%20Technology%20Inc/EVM_Board/APP_MASTERS25x/PIC32CK2051/CK2051GC01064_USB/src/config/default/tasks.c</file>
        </group>
    </open-files>
</project-private>
