<?xml version="1.0" encoding="UTF-8"?>
<project-private xmlns="http://www.netbeans.org/ns/project-private/1">
    <editor-bookmarks xmlns="http://www.netbeans.org/ns/editor-bookmarks/2" lastBookmarkId="0"/>
    <open-files xmlns="http://www.netbeans.org/ns/projectui-open-files/2">
        <group>
            <file>file:/D:/Dropbox/MCU_Projects/APP_MASTERS25x/PIC32CK2051/CK2051GC01064_USB/src/config/default/initialization.c</file>
            <file>file:/D:/Dropbox/MCU_Projects/APP_MASTERS25x/PIC32CK2051/CK2051GC01064_USB/src/main.c</file>
            <file>file:/D:/Dropbox/MCU_Projects/APP_MASTERS25x/PIC32CK2051/CK2051GC01064_USB/src/app.c</file>
            <file>file:/D:/Dropbox/MCU_Projects/APP_MASTERS25x/PIC32CK2051/CK2051GC01064_USB/src/config/default/peripheral/adc/plib_adc.c</file>
        </group>
    </open-files>
</project-private>
