<?xml version="1.0" encoding="UTF-8"?>
<configurationDescriptor version="65">
  <logicalFolder name="root" displayName="root" projectFiles="true">
    <logicalFolder name="HeaderFiles"
                   displayName="Header Files"
                   projectFiles="true">
      <logicalFolder name="config" displayName="config" projectFiles="true">
        <logicalFolder name="default" displayName="default" projectFiles="true">
          <logicalFolder name="driver" displayName="driver" projectFiles="true">
            <logicalFolder name="usb" displayName="usb" projectFiles="true">
              <logicalFolder name="usbfsv1" displayName="usbfsv1" projectFiles="true">
                <logicalFolder name="src" displayName="src" projectFiles="true">
                  <itemPath>../src/config/default/driver/usb/usbfsv1/src/drv_usbfsv1_variant_mapping.h</itemPath>
                  <itemPath>../src/config/default/driver/usb/usbfsv1/src/drv_usbfsv1_local.h</itemPath>
                </logicalFolder>
                <itemPath>../src/config/default/driver/usb/usbfsv1/drv_usbfsv1.h</itemPath>
              </logicalFolder>
              <itemPath>../src/config/default/driver/usb/drv_usb.h</itemPath>
              <itemPath>../src/config/default/driver/usb/drv_usb_external_dependencies.h</itemPath>
            </logicalFolder>
            <itemPath>../src/config/default/driver/driver.h</itemPath>
            <itemPath>../src/config/default/driver/driver_common.h</itemPath>
          </logicalFolder>
          <logicalFolder name="osal" displayName="osal" projectFiles="true">
            <itemPath>../src/config/default/osal/osal.h</itemPath>
            <itemPath>../src/config/default/osal/osal_definitions.h</itemPath>
            <itemPath>../src/config/default/osal/osal_impl_basic.h</itemPath>
          </logicalFolder>
          <logicalFolder name="peripheral" displayName="peripheral" projectFiles="true">
            <logicalFolder name="adc" displayName="adc" projectFiles="true">
              <itemPath>../src/config/default/peripheral/adc/plib_adc.h</itemPath>
              <itemPath>../src/config/default/peripheral/adc/plib_adc_common.h</itemPath>
            </logicalFolder>
            <logicalFolder name="clock" displayName="clock" projectFiles="true">
              <itemPath>../src/config/default/peripheral/clock/plib_clock.h</itemPath>
            </logicalFolder>
            <logicalFolder name="cmcc" displayName="cmcc" projectFiles="true">
              <itemPath>../src/config/default/peripheral/cmcc/plib_cmcc.h</itemPath>
            </logicalFolder>
            <logicalFolder name="evsys" displayName="evsys" projectFiles="true">
              <itemPath>../src/config/default/peripheral/evsys/plib_evsys.h</itemPath>
            </logicalFolder>
            <logicalFolder name="nvic" displayName="nvic" projectFiles="true">
              <itemPath>../src/config/default/peripheral/nvic/plib_nvic.h</itemPath>
            </logicalFolder>
            <logicalFolder name="pm" displayName="pm" projectFiles="true">
              <itemPath>../src/config/default/peripheral/pm/plib_pm.h</itemPath>
            </logicalFolder>
            <logicalFolder name="port" displayName="port" projectFiles="true">
              <itemPath>../src/config/default/peripheral/port/plib_port.h</itemPath>
            </logicalFolder>
            <logicalFolder name="sercom" displayName="sercom" projectFiles="true">
              <logicalFolder name="i2c_master" displayName="i2c_master" projectFiles="true">
                <itemPath>../src/config/default/peripheral/sercom/i2c_master/plib_sercom_i2c_master_common.h</itemPath>
                <itemPath>../src/config/default/peripheral/sercom/i2c_master/plib_sercom5_i2c_master.h</itemPath>
              </logicalFolder>
            </logicalFolder>
            <logicalFolder name="systick" displayName="systick" projectFiles="true">
              <itemPath>../src/config/default/peripheral/systick/plib_systick.h</itemPath>
            </logicalFolder>
          </logicalFolder>
          <logicalFolder name="system" displayName="system" projectFiles="true">
            <logicalFolder name="cache" displayName="cache" projectFiles="true">
              <itemPath>../src/config/default/system/cache/sys_cache.h</itemPath>
            </logicalFolder>
            <logicalFolder name="console" displayName="console" projectFiles="true">
              <itemPath>../src/config/default/system/console/sys_console.h</itemPath>
              <itemPath>../src/config/default/system/console/src/sys_console_local.h</itemPath>
              <itemPath>../src/config/default/system/console/src/sys_console_usb_cdc.h</itemPath>
              <itemPath>../src/config/default/system/console/src/sys_console_usb_cdc_definitions.h</itemPath>
            </logicalFolder>
            <logicalFolder name="debug" displayName="debug" projectFiles="true">
              <itemPath>../src/config/default/system/debug/sys_debug.h</itemPath>
            </logicalFolder>
            <logicalFolder name="int" displayName="int" projectFiles="true">
              <itemPath>../src/config/default/system/int/sys_int.h</itemPath>
              <itemPath>../src/config/default/system/int/sys_int_mapping.h</itemPath>
            </logicalFolder>
            <logicalFolder name="time" displayName="time" projectFiles="true">
              <itemPath>../src/config/default/system/time/sys_time.h</itemPath>
              <itemPath>../src/config/default/system/time/sys_time_definitions.h</itemPath>
              <itemPath>../src/config/default/system/time/src/sys_time_local.h</itemPath>
            </logicalFolder>
            <itemPath>../src/config/default/system/system.h</itemPath>
            <itemPath>../src/config/default/system/system_common.h</itemPath>
            <itemPath>../src/config/default/system/system_module.h</itemPath>
          </logicalFolder>
          <logicalFolder name="usb" displayName="usb" projectFiles="true">
            <logicalFolder name="src" displayName="src" projectFiles="true">
              <itemPath>../src/config/default/usb/src/usb_device_local.h</itemPath>
              <itemPath>../src/config/default/usb/src/usb_device_mapping.h</itemPath>
              <itemPath>../src/config/default/usb/src/usb_device_function_driver.h</itemPath>
              <itemPath>../src/config/default/usb/src/usb_external_dependencies.h</itemPath>
              <itemPath>../src/config/default/usb/src/usb_device_cdc_local.h</itemPath>
            </logicalFolder>
            <itemPath>../src/config/default/usb/usb_host_client_driver.h</itemPath>
            <itemPath>../src/config/default/usb/usb_host_hub_interface.h</itemPath>
            <itemPath>../src/config/default/usb/usb_host.h</itemPath>
            <itemPath>../src/config/default/usb/usb_hub.h</itemPath>
            <itemPath>../src/config/default/usb/usb_device.h</itemPath>
            <itemPath>../src/config/default/usb/usb_common.h</itemPath>
            <itemPath>../src/config/default/usb/usb_chapter_9.h</itemPath>
            <itemPath>../src/config/default/usb/usb_device_cdc.h</itemPath>
            <itemPath>../src/config/default/usb/usb_cdc.h</itemPath>
          </logicalFolder>
          <itemPath>../src/config/default/device_cache.h</itemPath>
          <itemPath>../src/config/default/toolchain_specifics.h</itemPath>
          <itemPath>../src/config/default/definitions.h</itemPath>
          <itemPath>../src/config/default/interrupts.h</itemPath>
          <itemPath>../src/config/default/device_vectors.h</itemPath>
          <itemPath>../src/config/default/device.h</itemPath>
          <itemPath>../src/config/default/user.h</itemPath>
          <itemPath>../src/config/default/configuration.h</itemPath>
          <itemPath>../src/config/default/sys_tasks.h</itemPath>
        </logicalFolder>
      </logicalFolder>
      <logicalFolder name="packs" displayName="packs" projectFiles="true">
        <logicalFolder name="CMSIS" displayName="CMSIS" projectFiles="true">
          <logicalFolder name="CMSIS" displayName="CMSIS" projectFiles="true">
            <logicalFolder name="Core" displayName="Core" projectFiles="true">
              <logicalFolder name="Include" displayName="Include" projectFiles="true">
                <itemPath>../src/packs/CMSIS/CMSIS/Core/Include/cmsis_version.h</itemPath>
                <itemPath>../src/packs/CMSIS/CMSIS/Core/Include/cmsis_compiler.h</itemPath>
                <itemPath>../src/packs/CMSIS/CMSIS/Core/Include/cmsis_iccarm.h</itemPath>
                <itemPath>../src/packs/CMSIS/CMSIS/Core/Include/cmsis_gcc.h</itemPath>
                <itemPath>../src/packs/CMSIS/CMSIS/Core/Include/cmsis_armcc.h</itemPath>
                <itemPath>../src/packs/CMSIS/CMSIS/Core/Include/cmsis_armclang.h</itemPath>
                <itemPath>../src/packs/CMSIS/CMSIS/Core/Include/cmsis_armclang_ltm.h</itemPath>
                <itemPath>../src/packs/CMSIS/CMSIS/Core/Include/core_cm33.h</itemPath>
                <itemPath>../src/packs/CMSIS/CMSIS/Core/Include/mpu_armv8.h</itemPath>
                <itemPath>../src/packs/CMSIS/CMSIS/Core/Include/cachel1_armv7.h</itemPath>
                <itemPath>../src/packs/CMSIS/CMSIS/Core/Include/tz_context.h</itemPath>
              </logicalFolder>
            </logicalFolder>
          </logicalFolder>
        </logicalFolder>
        <logicalFolder name="PIC32CK2051GC01064_DFP"
                       displayName="PIC32CK2051GC01064_DFP"
                       projectFiles="true">
          <logicalFolder name="component" displayName="component" projectFiles="true">
            <itemPath>../src/packs/PIC32CK2051GC01064_DFP/component/ac.h</itemPath>
            <itemPath>../src/packs/PIC32CK2051GC01064_DFP/component/adc.h</itemPath>
            <itemPath>../src/packs/PIC32CK2051GC01064_DFP/component/can.h</itemPath>
            <itemPath>../src/packs/PIC32CK2051GC01064_DFP/component/ccl.h</itemPath>
            <itemPath>../src/packs/PIC32CK2051GC01064_DFP/component/cmcc.h</itemPath>
            <itemPath>../src/packs/PIC32CK2051GC01064_DFP/component/dma.h</itemPath>
            <itemPath>../src/packs/PIC32CK2051GC01064_DFP/component/dsu.h</itemPath>
            <itemPath>../src/packs/PIC32CK2051GC01064_DFP/component/ebi.h</itemPath>
            <itemPath>../src/packs/PIC32CK2051GC01064_DFP/component/eic.h</itemPath>
            <itemPath>../src/packs/PIC32CK2051GC01064_DFP/component/eth.h</itemPath>
            <itemPath>../src/packs/PIC32CK2051GC01064_DFP/component/evsys.h</itemPath>
            <itemPath>../src/packs/PIC32CK2051GC01064_DFP/component/fcr.h</itemPath>
            <itemPath>../src/packs/PIC32CK2051GC01064_DFP/component/fcw.h</itemPath>
            <itemPath>../src/packs/PIC32CK2051GC01064_DFP/component/freqm.h</itemPath>
            <itemPath>../src/packs/PIC32CK2051GC01064_DFP/component/fuses.h</itemPath>
            <itemPath>../src/packs/PIC32CK2051GC01064_DFP/component/gclk.h</itemPath>
            <itemPath>../src/packs/PIC32CK2051GC01064_DFP/component/hmatrix2.h</itemPath>
            <itemPath>../src/packs/PIC32CK2051GC01064_DFP/component/idau.h</itemPath>
            <itemPath>../src/packs/PIC32CK2051GC01064_DFP/component/mclk.h</itemPath>
            <itemPath>../src/packs/PIC32CK2051GC01064_DFP/component/osc32kctrl.h</itemPath>
            <itemPath>../src/packs/PIC32CK2051GC01064_DFP/component/oscctrl.h</itemPath>
            <itemPath>../src/packs/PIC32CK2051GC01064_DFP/component/pac.h</itemPath>
            <itemPath>../src/packs/PIC32CK2051GC01064_DFP/component/pcc.h</itemPath>
            <itemPath>../src/packs/PIC32CK2051GC01064_DFP/component/pdec.h</itemPath>
            <itemPath>../src/packs/PIC32CK2051GC01064_DFP/component/pm.h</itemPath>
            <itemPath>../src/packs/PIC32CK2051GC01064_DFP/component/port.h</itemPath>
            <itemPath>../src/packs/PIC32CK2051GC01064_DFP/component/prm.h</itemPath>
            <itemPath>../src/packs/PIC32CK2051GC01064_DFP/component/ptc.h</itemPath>
            <itemPath>../src/packs/PIC32CK2051GC01064_DFP/component/rstc.h</itemPath>
            <itemPath>../src/packs/PIC32CK2051GC01064_DFP/component/rtc.h</itemPath>
            <itemPath>../src/packs/PIC32CK2051GC01064_DFP/component/sdmmc.h</itemPath>
            <itemPath>../src/packs/PIC32CK2051GC01064_DFP/component/sercom.h</itemPath>
            <itemPath>../src/packs/PIC32CK2051GC01064_DFP/component/spi_ixs.h</itemPath>
            <itemPath>../src/packs/PIC32CK2051GC01064_DFP/component/sqi.h</itemPath>
            <itemPath>../src/packs/PIC32CK2051GC01064_DFP/component/supc.h</itemPath>
            <itemPath>../src/packs/PIC32CK2051GC01064_DFP/component/tcc.h</itemPath>
            <itemPath>../src/packs/PIC32CK2051GC01064_DFP/component/tram.h</itemPath>
            <itemPath>../src/packs/PIC32CK2051GC01064_DFP/component/trng.h</itemPath>
            <itemPath>../src/packs/PIC32CK2051GC01064_DFP/component/usb.h</itemPath>
            <itemPath>../src/packs/PIC32CK2051GC01064_DFP/component/usbhs.h</itemPath>
            <itemPath>../src/packs/PIC32CK2051GC01064_DFP/component/wdt.h</itemPath>
          </logicalFolder>
          <logicalFolder name="instance" displayName="instance" projectFiles="true">
            <itemPath>../src/packs/PIC32CK2051GC01064_DFP/instance/ac.h</itemPath>
            <itemPath>../src/packs/PIC32CK2051GC01064_DFP/instance/adc.h</itemPath>
            <itemPath>../src/packs/PIC32CK2051GC01064_DFP/instance/can0.h</itemPath>
            <itemPath>../src/packs/PIC32CK2051GC01064_DFP/instance/can1.h</itemPath>
            <itemPath>../src/packs/PIC32CK2051GC01064_DFP/instance/ccl.h</itemPath>
            <itemPath>../src/packs/PIC32CK2051GC01064_DFP/instance/cmcc.h</itemPath>
            <itemPath>../src/packs/PIC32CK2051GC01064_DFP/instance/dma0.h</itemPath>
            <itemPath>../src/packs/PIC32CK2051GC01064_DFP/instance/dma1.h</itemPath>
            <itemPath>../src/packs/PIC32CK2051GC01064_DFP/instance/dsu.h</itemPath>
            <itemPath>../src/packs/PIC32CK2051GC01064_DFP/instance/ebi.h</itemPath>
            <itemPath>../src/packs/PIC32CK2051GC01064_DFP/instance/eic.h</itemPath>
            <itemPath>../src/packs/PIC32CK2051GC01064_DFP/instance/eth.h</itemPath>
            <itemPath>../src/packs/PIC32CK2051GC01064_DFP/instance/evsys.h</itemPath>
            <itemPath>../src/packs/PIC32CK2051GC01064_DFP/instance/fcr.h</itemPath>
            <itemPath>../src/packs/PIC32CK2051GC01064_DFP/instance/fcw.h</itemPath>
            <itemPath>../src/packs/PIC32CK2051GC01064_DFP/instance/freqm.h</itemPath>
            <itemPath>../src/packs/PIC32CK2051GC01064_DFP/instance/fuses.h</itemPath>
            <itemPath>../src/packs/PIC32CK2051GC01064_DFP/instance/gclk.h</itemPath>
            <itemPath>../src/packs/PIC32CK2051GC01064_DFP/instance/hmatrix.h</itemPath>
            <itemPath>../src/packs/PIC32CK2051GC01064_DFP/instance/idau.h</itemPath>
            <itemPath>../src/packs/PIC32CK2051GC01064_DFP/instance/mclk.h</itemPath>
            <itemPath>../src/packs/PIC32CK2051GC01064_DFP/instance/osc32kctrl.h</itemPath>
            <itemPath>../src/packs/PIC32CK2051GC01064_DFP/instance/oscctrl.h</itemPath>
            <itemPath>../src/packs/PIC32CK2051GC01064_DFP/instance/pac.h</itemPath>
            <itemPath>../src/packs/PIC32CK2051GC01064_DFP/instance/pcc.h</itemPath>
            <itemPath>../src/packs/PIC32CK2051GC01064_DFP/instance/pdec.h</itemPath>
            <itemPath>../src/packs/PIC32CK2051GC01064_DFP/instance/pm.h</itemPath>
            <itemPath>../src/packs/PIC32CK2051GC01064_DFP/instance/port.h</itemPath>
            <itemPath>../src/packs/PIC32CK2051GC01064_DFP/instance/prm.h</itemPath>
            <itemPath>../src/packs/PIC32CK2051GC01064_DFP/instance/ptc.h</itemPath>
            <itemPath>../src/packs/PIC32CK2051GC01064_DFP/instance/rstc.h</itemPath>
            <itemPath>../src/packs/PIC32CK2051GC01064_DFP/instance/rtc.h</itemPath>
            <itemPath>../src/packs/PIC32CK2051GC01064_DFP/instance/sdmmc0.h</itemPath>
            <itemPath>../src/packs/PIC32CK2051GC01064_DFP/instance/sdmmc1.h</itemPath>
            <itemPath>../src/packs/PIC32CK2051GC01064_DFP/instance/sercom0.h</itemPath>
            <itemPath>../src/packs/PIC32CK2051GC01064_DFP/instance/sercom1.h</itemPath>
            <itemPath>../src/packs/PIC32CK2051GC01064_DFP/instance/sercom2.h</itemPath>
            <itemPath>../src/packs/PIC32CK2051GC01064_DFP/instance/sercom3.h</itemPath>
            <itemPath>../src/packs/PIC32CK2051GC01064_DFP/instance/sercom4.h</itemPath>
            <itemPath>../src/packs/PIC32CK2051GC01064_DFP/instance/sercom5.h</itemPath>
            <itemPath>../src/packs/PIC32CK2051GC01064_DFP/instance/sercom6.h</itemPath>
            <itemPath>../src/packs/PIC32CK2051GC01064_DFP/instance/sercom7.h</itemPath>
            <itemPath>../src/packs/PIC32CK2051GC01064_DFP/instance/spi_ixs.h</itemPath>
            <itemPath>../src/packs/PIC32CK2051GC01064_DFP/instance/sqi.h</itemPath>
            <itemPath>../src/packs/PIC32CK2051GC01064_DFP/instance/supc.h</itemPath>
            <itemPath>../src/packs/PIC32CK2051GC01064_DFP/instance/tcc0.h</itemPath>
            <itemPath>../src/packs/PIC32CK2051GC01064_DFP/instance/tcc1.h</itemPath>
            <itemPath>../src/packs/PIC32CK2051GC01064_DFP/instance/tcc2.h</itemPath>
            <itemPath>../src/packs/PIC32CK2051GC01064_DFP/instance/tcc3.h</itemPath>
            <itemPath>../src/packs/PIC32CK2051GC01064_DFP/instance/tcc4.h</itemPath>
            <itemPath>../src/packs/PIC32CK2051GC01064_DFP/instance/tcc5.h</itemPath>
            <itemPath>../src/packs/PIC32CK2051GC01064_DFP/instance/tcc6.h</itemPath>
            <itemPath>../src/packs/PIC32CK2051GC01064_DFP/instance/tcc7.h</itemPath>
            <itemPath>../src/packs/PIC32CK2051GC01064_DFP/instance/tram.h</itemPath>
            <itemPath>../src/packs/PIC32CK2051GC01064_DFP/instance/trng.h</itemPath>
            <itemPath>../src/packs/PIC32CK2051GC01064_DFP/instance/usb.h</itemPath>
            <itemPath>../src/packs/PIC32CK2051GC01064_DFP/instance/usbhs.h</itemPath>
            <itemPath>../src/packs/PIC32CK2051GC01064_DFP/instance/wdt.h</itemPath>
          </logicalFolder>
          <logicalFolder name="pio" displayName="pio" projectFiles="true">
            <itemPath>../src/packs/PIC32CK2051GC01064_DFP/pio/pic32ck2051gc01064.h</itemPath>
          </logicalFolder>
          <itemPath>../src/packs/PIC32CK2051GC01064_DFP/pic32ck2051gc01064.h</itemPath>
        </logicalFolder>
      </logicalFolder>
      <itemPath>../src/app.h</itemPath>
      <itemPath>../src/OLED128x64.h</itemPath>
    </logicalFolder>
    <logicalFolder name="ExternalFiles"
                   displayName="Important Files"
                   projectFiles="true">
      <logicalFolder name="CK2051GC01064_USB_Function_default"
                     displayName="CK2051GC01064_USB_Function_default"
                     projectFiles="true">
        <logicalFolder name="components" displayName="components" projectFiles="true">
          <itemPath>CK2051GC01064_USB_Function_default/components/sercom5.yml</itemPath>
          <itemPath>CK2051GC01064_USB_Function_default/components/evsys.yml</itemPath>
          <itemPath>CK2051GC01064_USB_Function_default/components/sys_console.yml</itemPath>
          <itemPath>CK2051GC01064_USB_Function_default/components/HarmonyCore.yml</itemPath>
          <itemPath>CK2051GC01064_USB_Function_default/components/sys_time.yml</itemPath>
          <itemPath>CK2051GC01064_USB_Function_default/components/usb_device_cdc_0.yml</itemPath>
          <itemPath>CK2051GC01064_USB_Function_default/components/cmsis.yml</itemPath>
          <itemPath>CK2051GC01064_USB_Function_default/components/usb_device_0.yml</itemPath>
          <itemPath>CK2051GC01064_USB_Function_default/components/core.yml</itemPath>
          <itemPath>CK2051GC01064_USB_Function_default/components/drv_usbfs.yml</itemPath>
          <itemPath>CK2051GC01064_USB_Function_default/components/sys_console_0.yml</itemPath>
          <itemPath>CK2051GC01064_USB_Function_default/components/usb_device.yml</itemPath>
          <itemPath>CK2051GC01064_USB_Function_default/components/pm.yml</itemPath>
          <itemPath>CK2051GC01064_USB_Function_default/components/adc.yml</itemPath>
          <itemPath>CK2051GC01064_USB_Function_default/components/usb_device_cdc.yml</itemPath>
          <itemPath>CK2051GC01064_USB_Function_default/components/dfp.yml</itemPath>
        </logicalFolder>
        <itemPath>CK2051GC01064_USB_Function_default/mcc-config.mc4</itemPath>
      </logicalFolder>
      <itemPath>Makefile</itemPath>
      <itemPath>../src/config/default/pin_configurations.csv</itemPath>
    </logicalFolder>
    <logicalFolder name="LibraryFiles"
                   displayName="LibraryFiles"
                   projectFiles="true">
    </logicalFolder>
    <logicalFolder name="LinkerScript"
                   displayName="Linker Files"
                   projectFiles="true">
      <logicalFolder name="config" displayName="config" projectFiles="true">
        <logicalFolder name="default" displayName="default" projectFiles="true">
          <itemPath>../src/config/default/PIC32CK2051GC01064.ld</itemPath>
        </logicalFolder>
      </logicalFolder>
    </logicalFolder>
    <logicalFolder name="SourceFiles"
                   displayName="Source Files"
                   projectFiles="true">
      <logicalFolder name="config" displayName="config" projectFiles="true">
        <logicalFolder name="default" displayName="default" projectFiles="true">
          <logicalFolder name="driver" displayName="driver" projectFiles="true">
            <logicalFolder name="usb" displayName="usb" projectFiles="true">
              <logicalFolder name="usbfsv1" displayName="usbfsv1" projectFiles="true">
                <logicalFolder name="src" displayName="src" projectFiles="true">
                  <itemPath>../src/config/default/driver/usb/usbfsv1/src/drv_usbfsv1.c</itemPath>
                  <itemPath>../src/config/default/driver/usb/usbfsv1/src/drv_usbfsv1_device.c</itemPath>
                </logicalFolder>
              </logicalFolder>
            </logicalFolder>
          </logicalFolder>
          <logicalFolder name="peripheral" displayName="peripheral" projectFiles="true">
            <logicalFolder name="adc" displayName="adc" projectFiles="true">
              <itemPath>../src/config/default/peripheral/adc/plib_adc.c</itemPath>
            </logicalFolder>
            <logicalFolder name="clock" displayName="clock" projectFiles="true">
              <itemPath>../src/config/default/peripheral/clock/plib_clock.c</itemPath>
            </logicalFolder>
            <logicalFolder name="cmcc" displayName="cmcc" projectFiles="true">
              <itemPath>../src/config/default/peripheral/cmcc/plib_cmcc.c</itemPath>
            </logicalFolder>
            <logicalFolder name="evsys" displayName="evsys" projectFiles="true">
              <itemPath>../src/config/default/peripheral/evsys/plib_evsys.c</itemPath>
            </logicalFolder>
            <logicalFolder name="nvic" displayName="nvic" projectFiles="true">
              <itemPath>../src/config/default/peripheral/nvic/plib_nvic.c</itemPath>
            </logicalFolder>
            <logicalFolder name="pm" displayName="pm" projectFiles="true">
              <itemPath>../src/config/default/peripheral/pm/plib_pm.c</itemPath>
            </logicalFolder>
            <logicalFolder name="port" displayName="port" projectFiles="true">
              <itemPath>../src/config/default/peripheral/port/plib_port.c</itemPath>
            </logicalFolder>
            <logicalFolder name="sercom" displayName="sercom" projectFiles="true">
              <logicalFolder name="i2c_master" displayName="i2c_master" projectFiles="true">
                <itemPath>../src/config/default/peripheral/sercom/i2c_master/plib_sercom5_i2c_master.c</itemPath>
              </logicalFolder>
            </logicalFolder>
            <logicalFolder name="systick" displayName="systick" projectFiles="true">
              <itemPath>../src/config/default/peripheral/systick/plib_systick.c</itemPath>
            </logicalFolder>
          </logicalFolder>
          <logicalFolder name="stdio" displayName="stdio" projectFiles="true">
            <itemPath>../src/config/default/stdio/xc32_monitor.c</itemPath>
          </logicalFolder>
          <logicalFolder name="system" displayName="system" projectFiles="true">
            <logicalFolder name="cache" displayName="cache" projectFiles="true">
              <itemPath>../src/config/default/system/cache/sys_cache.c</itemPath>
            </logicalFolder>
            <logicalFolder name="console" displayName="console" projectFiles="true">
              <itemPath>../src/config/default/system/console/src/sys_console.c</itemPath>
              <itemPath>../src/config/default/system/console/src/sys_console_usb_cdc.c</itemPath>
            </logicalFolder>
            <logicalFolder name="int" displayName="int" projectFiles="true">
              <itemPath>../src/config/default/system/int/src/sys_int.c</itemPath>
            </logicalFolder>
            <logicalFolder name="time" displayName="time" projectFiles="true">
              <itemPath>../src/config/default/system/time/src/sys_time.c</itemPath>
            </logicalFolder>
          </logicalFolder>
          <logicalFolder name="usb" displayName="usb" projectFiles="true">
            <logicalFolder name="src" displayName="src" projectFiles="true">
              <itemPath>../src/config/default/usb/src/usb_device.c</itemPath>
              <itemPath>../src/config/default/usb/src/usb_device_cdc.c</itemPath>
              <itemPath>../src/config/default/usb/src/usb_device_cdc_acm.c</itemPath>
            </logicalFolder>
          </logicalFolder>
          <itemPath>../src/config/default/initialization.c</itemPath>
          <itemPath>../src/config/default/interrupts.c</itemPath>
          <itemPath>../src/config/default/exceptions.c</itemPath>
          <itemPath>../src/config/default/startup_xc32.c</itemPath>
          <itemPath>../src/config/default/libc_syscalls.c</itemPath>
          <itemPath>../src/config/default/usb_device_init_data_0.c</itemPath>
          <itemPath>../src/config/default/tasks.c</itemPath>
        </logicalFolder>
      </logicalFolder>
      <itemPath>../src/main.c</itemPath>
      <itemPath>../src/app.c</itemPath>
      <itemPath>../src/OLED128x64.c</itemPath>
    </logicalFolder>
  </logicalFolder>
  <sourceRootList>
    <Elem>../src</Elem>
  </sourceRootList>
  <projectmakefile>Makefile</projectmakefile>
  <confs>
    <conf name="default" type="2">
      <toolsSet>
        <developmentServer>localhost</developmentServer>
        <targetDevice>PIC32CK2051GC01064</targetDevice>
        <targetHeader></targetHeader>
        <targetPluginBoard></targetPluginBoard>
        <platformTool>snap</platformTool>
        <languageToolchain>XC32</languageToolchain>
        <languageToolchainVersion>4.60</languageToolchainVersion>
        <platform>3</platform>
      </toolsSet>
      <packs>
        <pack name="PIC32CK-GC_DFP" vendor="Microchip" version="1.2.168"/>
        <pack name="CMSIS" vendor="ARM" version="6.2.0"/>
      </packs>
      <ScriptingSettings>
      </ScriptingSettings>
      <compileType>
        <linkerTool>
          <linkerLibItems>
          </linkerLibItems>
        </linkerTool>
        <archiverTool>
        </archiverTool>
        <loading>
          <useAlternateLoadableFile>false</useAlternateLoadableFile>
          <parseOnProdLoad>false</parseOnProdLoad>
          <alternateLoadableFile></alternateLoadableFile>
        </loading>
        <subordinates>
        </subordinates>
      </compileType>
      <makeCustomizationType>
        <makeCustomizationPreStepEnabled>false</makeCustomizationPreStepEnabled>
        <makeUseCleanTarget>false</makeUseCleanTarget>
        <makeCustomizationPreStep></makeCustomizationPreStep>
        <makeCustomizationPostStepEnabled>false</makeCustomizationPostStepEnabled>
        <makeCustomizationPostStep></makeCustomizationPostStep>
        <makeCustomizationPutChecksumInUserID>false</makeCustomizationPutChecksumInUserID>
        <makeCustomizationEnableLongLines>false</makeCustomizationEnableLongLines>
        <makeCustomizationNormalizeHexFile>false</makeCustomizationNormalizeHexFile>
      </makeCustomizationType>
      <C32>
        <property key="additional-warnings" value="false"/>
        <property key="addresss-attribute-use" value="false"/>
        <property key="appendMe" value=""/>
        <property key="cast-align" value="false"/>
        <property key="code-model" value="default"/>
        <property key="const-model" value="default"/>
        <property key="data-model" value="default"/>
        <property key="disable-instruction-scheduling" value="false"/>
        <property key="enable-app-io" value="false"/>
        <property key="enable-omit-frame-pointer" value="false"/>
        <property key="enable-procedural-abstraction" value="false"/>
        <property key="enable-short-double" value="false"/>
        <property key="enable-symbols" value="true"/>
        <property key="enable-unroll-loops" value="false"/>
        <property key="exclude-floating-point" value="false"/>
        <property key="expand-pragma-config" value="false"/>
        <property key="extra-include-directories"
                  value="../src;../src/config/default;../src/packs/CMSIS/;../src/packs/CMSIS/CMSIS/Core/Include;../src/packs/PIC32CK2051GC01064_DFP"/>
        <property key="generate-16-bit-code" value="false"/>
        <property key="generate-micro-compressed-code" value="false"/>
        <property key="isolate-each-function" value="true"/>
        <property key="keep-inline" value="false"/>
        <property key="make-warnings-into-errors" value="false"/>
        <property key="oXC16gcc-errata" value=""/>
        <property key="oXC16gcc-large-aggregate" value="false"/>
        <property key="oXC16gcc-mpa-lvl" value=""/>
        <property key="oXC16gcc-name-text-sec" value=""/>
        <property key="oXC16gcc-near-chars" value="false"/>
        <property key="oXC16gcc-no-isr-warn" value="false"/>
        <property key="oXC16gcc-sfr-warn" value="false"/>
        <property key="oXC16gcc-smar-io-lvl" value="1"/>
        <property key="oXC16gcc-smart-io-fmt" value=""/>
        <property key="optimization-level" value="-O1"/>
        <property key="place-data-into-section" value="true"/>
        <property key="post-instruction-scheduling" value="default"/>
        <property key="pre-instruction-scheduling" value="default"/>
        <property key="preprocessor-macros" value=""/>
        <property key="scalar-model" value="default"/>
        <property key="strict-ansi" value="false"/>
        <property key="support-ansi" value="false"/>
        <property key="tentative-definitions" value="-fno-common"/>
        <property key="toplevel-reordering" value=""/>
        <property key="unaligned-access" value=""/>
        <property key="use-cci" value="false"/>
        <property key="use-iar" value="false"/>
        <property key="use-indirect-calls" value="false"/>
      </C32>
      <C32-AR>
        <property key="additional-options-chop-files" value="false"/>
      </C32-AR>
      <C32-AS>
        <property key="assembler-symbols" value=""/>
        <property key="enable-symbols" value="true"/>
        <property key="exclude-floating-point-library" value="false"/>
        <property key="expand-macros" value="false"/>
        <property key="extra-include-directories-for-assembler" value=""/>
        <property key="extra-include-directories-for-preprocessor" value=""/>
        <property key="false-conditionals" value="false"/>
        <property key="generate-16-bit-code" value="false"/>
        <property key="generate-micro-compressed-code" value="false"/>
        <property key="keep-locals" value="false"/>
        <property key="list-assembly" value="false"/>
        <property key="list-section-info" value="false"/>
        <property key="list-source" value="false"/>
        <property key="list-symbols" value="false"/>
        <property key="oXC16asm-extra-opts" value=""/>
        <property key="oXC32asm-list-to-file" value="false"/>
        <property key="omit-debug-dirs" value="false"/>
        <property key="omit-forms" value="false"/>
        <property key="preprocessor-macros" value=""/>
        <property key="relax" value="false"/>
        <property key="warning-level" value=""/>
      </C32-AS>
      <C32-CO>
        <property key="coverage-enable" value=""/>
        <property key="stack-guidance" value="false"/>
      </C32-CO>
      <C32-LD>
        <property key="additional-options-use-response-files" value="false"/>
        <property key="additional-options-write-sla" value="false"/>
        <property key="allocate-dinit" value="false"/>
        <property key="appendMe" value=""/>
        <property key="code-dinit" value="false"/>
        <property key="ebase-addr" value=""/>
        <property key="enable-check-sections" value="false"/>
        <property key="enable-data-init" value="true"/>
        <property key="enable-default-isr" value="true"/>
        <property key="exclude-floating-point-library" value="false"/>
        <property key="exclude-standard-libraries" value="false"/>
        <property key="extra-lib-directories" value=""/>
        <property key="fill-flash-options-addr" value=""/>
        <property key="fill-flash-options-const" value=""/>
        <property key="fill-flash-options-how" value="0"/>
        <property key="fill-flash-options-inc-const" value="1"/>
        <property key="fill-flash-options-increment" value=""/>
        <property key="fill-flash-options-seq" value=""/>
        <property key="fill-flash-options-what" value="0"/>
        <property key="generate-16-bit-code" value="false"/>
        <property key="generate-cross-reference-file" value="false"/>
        <property key="generate-micro-compressed-code" value="false"/>
        <property key="heap-size" value="512"/>
        <property key="input-libraries" value=""/>
        <property key="kseg-length" value=""/>
        <property key="kseg-origin" value=""/>
        <property key="linker-symbols" value=""/>
        <property key="map-file" value="${DISTDIR}/${PROJECTNAME}.${IMAGE_TYPE}.map"/>
        <property key="no-device-startup-code" value="true"/>
        <property key="no-ivt" value="false"/>
        <property key="no-startup-files" value="false"/>
        <property key="oXC16ld-force-link" value="false"/>
        <property key="oXC16ld-no-smart-io" value="false"/>
        <property key="oXC16ld-stackguard" value="16"/>
        <property key="oXC32ld-extra-opts" value=""/>
        <property key="optimization-level" value=""/>
        <property key="preprocessor-macros" value="VECTOR_REGION=boot_rom"/>
        <property key="remove-unused-sections" value="true"/>
        <property key="report-memory-usage" value="false"/>
        <property key="serial-length" value=""/>
        <property key="serial-origin" value=""/>
        <property key="stack-size" value=""/>
        <property key="symbol-stripping" value=""/>
        <property key="trace-symbols" value=""/>
        <property key="warn-section-align" value="false"/>
      </C32-LD>
      <C32CPP>
        <property key="additional-warnings" value="false"/>
        <property key="addresss-attribute-use" value="false"/>
        <property key="appendMe" value=""/>
        <property key="check-new" value="false"/>
        <property key="eh-specs" value="true"/>
        <property key="enable-app-io" value="false"/>
        <property key="enable-omit-frame-pointer" value="false"/>
        <property key="enable-symbols" value="true"/>
        <property key="enable-unroll-loops" value="false"/>
        <property key="exceptions" value="true"/>
        <property key="exclude-floating-point" value="false"/>
        <property key="extra-include-directories"
                  value="../src;../src/config/default;../src/packs/CMSIS/;../src/packs/CMSIS/CMSIS/Core/Include;../src/packs/PIC32CK2051GC01064_DFP"/>
        <property key="generate-16-bit-code" value="false"/>
        <property key="generate-micro-compressed-code" value="false"/>
        <property key="isolate-each-function" value="true"/>
        <property key="make-warnings-into-errors" value="false"/>
        <property key="optimization-level" value="-O1"/>
        <property key="place-data-into-section" value="false"/>
        <property key="post-instruction-scheduling" value="default"/>
        <property key="pre-instruction-scheduling" value="default"/>
        <property key="preprocessor-macros" value=""/>
        <property key="rtti" value="true"/>
        <property key="strict-ansi" value="false"/>
        <property key="toplevel-reordering" value=""/>
        <property key="unaligned-access" value=""/>
        <property key="use-cci" value="false"/>
        <property key="use-iar" value="false"/>
        <property key="use-indirect-calls" value="false"/>
      </C32CPP>
      <C32Global>
        <property key="appendMe" value=""/>
        <property key="combine-sourcefiles" value="false"/>
        <property key="common-include-directories" value=""/>
        <property key="common-macros" value=""/>
        <property key="dual-boot-partition" value="0"/>
        <property key="generic-16-bit" value="false"/>
        <property key="gp-relative-option" value=""/>
        <property key="legacy-libc" value="false"/>
        <property key="mdtcm" value=""/>
        <property key="mitcm" value=""/>
        <property key="mpreserve-all" value="false"/>
        <property key="mstacktcm" value="false"/>
        <property key="omit-pack-options" value="1"/>
        <property key="preserve-all" value="false"/>
        <property key="preserve-file" value=""/>
        <property key="relaxed-math" value="false"/>
        <property key="save-temps" value="false"/>
        <property key="stack-smashing" value=""/>
        <property key="wpo-lto" value="false"/>
      </C32Global>
      <Tool>
        <property key="AutoSelectMemRanges" value="auto"/>
        <property key="ToolFirmwareFilePath"
                  value="Press to browse for a specific firmware version"/>
        <property key="ToolFirmwareOption.UpdateOptions"
                  value="ToolFirmwareOption.UseLatest"/>
        <property key="ToolFirmwareToolPack"
                  value="Press to select which tool pack to use"/>
        <property key="communication.interface" value="swd"/>
        <property key="communication.interface.jtag" value="2wire"/>
        <property key="communication.speed" value="2.000"/>
        <property key="debugoptions.debug-startup" value="Use system settings"/>
        <property key="debugoptions.reset-behaviour" value="Use system settings"/>
        <property key="debugoptions.simultaneous.debug" value="false"/>
        <property key="debugoptions.useswbreakpoints" value="false"/>
        <property key="event.recorder.debugger.behavior" value="Running"/>
        <property key="event.recorder.enabled" value="false"/>
        <property key="event.recorder.scvd.files" value=""/>
        <property key="freeze.timers" value="false"/>
        <property key="lastid" value=""/>
        <property key="memories.aux" value="false"/>
        <property key="memories.bootflash" value="true"/>
        <property key="memories.configurationmemory" value="true"/>
        <property key="memories.configurationmemory2" value="true"/>
        <property key="memories.dataflash" value="true"/>
        <property key="memories.eeprom" value="true"/>
        <property key="memories.exclude.configurationmemory" value="true"/>
        <property key="memories.flashdata" value="true"/>
        <property key="memories.id" value="true"/>
        <property key="memories.instruction.ram.ranges"
                  value="${memories.instruction.ram.ranges}"/>
        <property key="memories.programmemory" value="true"/>
        <property key="memories.programmemory.ranges" value="8000000-c1fffff"/>
        <property key="programmerToGoFilePath"
                  value="C:/OneDrive/OneDrive - Microchip Technology Inc/EVM_Board/APP_MASTERS25x/PIC32CK2051/CK2051GC01064_USB/CK2051GC01064_USB_Function.X/debug/default/CK2051GC01064_USB_Function_ptg"/>
        <property key="programoptions.donoteraseauxmem" value="false"/>
        <property key="programoptions.eraseb4program" value="true"/>
        <property key="programoptions.pgmentry.voltage" value="low"/>
        <property key="programoptions.pgmspeed" value="Med"/>
        <property key="programoptions.preservedataflash" value="false"/>
        <property key="programoptions.preservedataflash.ranges"
                  value="${memories.dataflash.default}"/>
        <property key="programoptions.preserveeeprom" value="false"/>
        <property key="programoptions.preserveeeprom.ranges" value=""/>
        <property key="programoptions.preserveprogram.ranges" value=""/>
        <property key="programoptions.preserveprogramrange" value="false"/>
        <property key="programoptions.programcalmem" value="false"/>
        <property key="programoptions.programuserotp" value="false"/>
        <property key="programoptions.testmodeentrymethod" value="VDDFirst"/>
        <property key="toolpack.updateoptions"
                  value="toolpack.updateoptions.uselatestoolpack"/>
        <property key="toolpack.updateoptions.packversion"
                  value="Press to select which tool pack to use"/>
        <property key="x.erase.key" value="0xFFFFFFFF,0xFFFFFFFF,0xFFFFFFFF,0xFFFFFFFF"/>
      </Tool>
      <snap>
        <property key="AutoSelectMemRanges" value="auto"/>
        <property key="ToolFirmwareFilePath"
                  value="Press to browse for a specific firmware version"/>
        <property key="ToolFirmwareOption.UpdateOptions"
                  value="ToolFirmwareOption.UseLatest"/>
        <property key="ToolFirmwareToolPack"
                  value="Press to select which tool pack to use"/>
        <property key="communication.interface" value="swd"/>
        <property key="communication.interface.jtag" value="2wire"/>
        <property key="communication.speed" value="2.000"/>
        <property key="debugoptions.debug-startup" value="Use system settings"/>
        <property key="debugoptions.reset-behaviour" value="Use system settings"/>
        <property key="debugoptions.simultaneous.debug" value="false"/>
        <property key="debugoptions.useswbreakpoints" value="false"/>
        <property key="event.recorder.debugger.behavior" value="Running"/>
        <property key="event.recorder.enabled" value="false"/>
        <property key="event.recorder.scvd.files" value=""/>
        <property key="freeze.timers" value="false"/>
        <property key="lastid" value=""/>
        <property key="memories.aux" value="false"/>
        <property key="memories.bootflash" value="true"/>
        <property key="memories.configurationmemory" value="true"/>
        <property key="memories.configurationmemory2" value="true"/>
        <property key="memories.dataflash" value="true"/>
        <property key="memories.eeprom" value="true"/>
        <property key="memories.exclude.configurationmemory" value="true"/>
        <property key="memories.flashdata" value="true"/>
        <property key="memories.id" value="true"/>
        <property key="memories.instruction.ram.ranges"
                  value="${memories.instruction.ram.ranges}"/>
        <property key="memories.programmemory" value="true"/>
        <property key="memories.programmemory.ranges" value="8000000-c1fffff"/>
        <property key="programmerToGoFilePath"
                  value="D:/Dropbox/MCU_Projects/APP_MASTERS25x/PIC32CK2051/CK2051GC01064_USB/CK2051GC01064_USB_Function.X/debug/default/CK2051GC01064_USB_Function_ptg"/>
        <property key="programoptions.donoteraseauxmem" value="false"/>
        <property key="programoptions.eraseb4program" value="true"/>
        <property key="programoptions.pgmentry.voltage" value="low"/>
        <property key="programoptions.pgmspeed" value="Med"/>
        <property key="programoptions.preservedataflash" value="false"/>
        <property key="programoptions.preservedataflash.ranges"
                  value="${memories.dataflash.default}"/>
        <property key="programoptions.preserveeeprom" value="false"/>
        <property key="programoptions.preserveeeprom.ranges" value=""/>
        <property key="programoptions.preserveprogram.ranges" value=""/>
        <property key="programoptions.preserveprogramrange" value="false"/>
        <property key="programoptions.programcalmem" value="false"/>
        <property key="programoptions.programuserotp" value="false"/>
        <property key="programoptions.testmodeentrymethod" value="VDDFirst"/>
        <property key="toolpack.updateoptions"
                  value="toolpack.updateoptions.uselatestoolpack"/>
        <property key="toolpack.updateoptions.packversion"
                  value="Press to select which tool pack to use"/>
        <property key="x.erase.key" value="0xFFFFFFFF,0xFFFFFFFF,0xFFFFFFFF,0xFFFFFFFF"/>
      </snap>
    </conf>
  </confs>
</configurationDescriptor>
